<?xml version="1.0" encoding="UTF-8"?>
<beans xmlns="http://www.springframework.org/schema/beans"
       xmlns:xsi="http://www.w3.org/2001/XMLSchema-instance"
       xmlns:context="http://www.springframework.org/schema/context"
       xmlns:mvc="http://www.springframework.org/schema/mvc"
       xsi:schemaLocation="http://www.springframework.org/schema/beans http://www.springframework.org/schema/beans/spring-beans.xsd http://www.springframework.org/schema/context http://www.springframework.org/schema/context/spring-context.xsd http://www.springframework.org/schema/mvc http://www.springframework.org/schema/mvc/spring-mvc.xsd">
    <!--开启springmvc注解扫描功能-->
    <mvc:annotation-driven></mvc:annotation-driven>
    <!--放行静态资源-->
    <mvc:default-servlet-handler default-servlet-name="default"></mvc:default-servlet-handler>
    <!--配置jsp视图-->
    <bean class="org.springframework.web.servlet.view.InternalResourceViewResolver">
        <property name="prefix" value="/"></property>
        <property name="suffix" value=".jsp"></property>
    </bean>
    <!--
        处理图片上传
        id:必须叫multipartResolver
    -->
    <bean id="multipartResolver" class="org.springframework.web.multipart.commons.CommonsMultipartResolver">
        <!--图片上传大小-->
        <property name="maxUploadSize" value="10000000"></property>
        <!--字符编码-->
        <property name="defaultEncoding" value="utf-8"></property>
        <!--延迟解析-->
        <property name="resolveLazily" value="true"></property>
    </bean>
</beans>