<?xml version="1.0" encoding="UTF-8" ?>
<!DOCTYPE configuration PUBLIC "-//mybatis.org//DTD Config 3.0//EN"
        "http://mybatis.org/dtd/mybatis-3-config.dtd">
<configuration>
    <!--设置空值处理-->
    <settings>
        <setting name="jdbcTypeForNull" value="NULL"/>
    </settings>
    <!--设置别名-->
    <typeAliases>
        <typeAlias type="cn.qianfg.pojo.User" alias="user"></typeAlias>
        <typeAlias type="cn.qianfg.pojo.Role" alias="role"></typeAlias>
        <typeAlias type="cn.qianfg.pojo.Power" alias="power"></typeAlias>
        <typeAlias type="cn.qianfg.pojo.FenYe" alias="fy"></typeAlias>
        <typeAlias type="cn.qianfg.pojo.News" alias="news"></typeAlias>
        <typeAlias type="cn.qianfg.pojo.QueryNews" alias="query"></typeAlias>
        <typeAlias type="cn.qianfg.pojo.NewsType" alias="newsType"></typeAlias>
    </typeAliases>
    <!--引入映射文件-->
    <mappers>
        <mapper resource="cn/qianfg/dao/PowerDaoMapper.xml"></mapper>
        <mapper resource="cn/qianfg/dao/RoleDaoMapper.xml"></mapper>
        <mapper resource="cn/qianfg/dao/NewsDaoMapper.xml"></mapper>
        <mapper resource="cn/qianfg/dao/UserDaoMapper.xml"></mapper>
        <mapper resource="cn/qianfg/dao/NewsTypeDaoMapper.xml"></mapper>
    </mappers>

</configuration>